epoch,time,train/box_loss,train/pose_loss,train/kobj_loss,train/cls_loss,train/dfl_loss,metrics/precision(B),metrics/recall(B),metrics/mAP50(B),metrics/mAP50-95(B),metrics/precision(P),metrics/recall(P),metrics/mAP50(P),metrics/mAP50-95(P),val/box_loss,val/pose_loss,val/kobj_loss,val/cls_loss,val/dfl_loss,lr/pg0,lr/pg1,lr/pg2
1,19.9678,2.1601,7.41727,0.6921,3.59455,2.57621,0.08839,0.11944,0.02957,0.00631,0.02827,0.04167,0.00297,0.00043,3.45497,7.19193,0.84557,4.44127,3.80713,0.000541775,0.000541775,0.000541775
2,38.875,1.81605,4.86495,0.63251,2.85256,2.3289,0.09891,0.24338,0.05275,0.01316,0.58813,0.07222,0.03659,0.00939,3.31607,6.35446,0.67199,4.7067,3.79749,0.00109382,0.00109382,0.00109382
3,57.8735,1.79249,3.79819,0.59212,2.79502,2.29288,0.52,0.05,0.01035,0.00243,0.52195,0.07222,0.01395,0.0033,3.65893,6.07506,0.7373,3.71507,3.93927,0.0016422,0.0016422,0.0016422
4,76.9211,1.78123,2.98145,0.5472,2.75581,2.29245,0.60584,0.07222,0.04599,0.01222,0.63005,0.1,0.05503,0.0213,3.03756,4.32871,0.65844,4.73169,3.3344,0.0016505,0.0016505,0.0016505
5,95.7528,1.72677,2.56305,0.52999,2.73197,2.24757,0.55578,0.10556,0.03034,0.00626,0.56698,0.12778,0.04814,0.01434,2.86991,3.49772,0.59302,4.41208,3.07015,0.001645,0.001645,0.001645
6,114.683,1.69096,2.39901,0.49272,2.66807,2.20055,0.58475,0.13333,0.06781,0.01984,0.5972,0.15016,0.07761,0.02995,2.64576,3.10694,0.65832,4.10685,2.95813,0.00163949,0.00163949,0.00163949
7,133.518,1.67613,2.18358,0.4736,2.68172,2.20728,0.11625,0.16667,0.09041,0.02812,0.11717,0.22778,0.10855,0.04516,2.59095,3.33847,0.86597,3.38834,3.03741,0.00163399,0.00163399,0.00163399
8,152.654,1.61098,2.13832,0.45543,2.64305,2.14795,0.66116,0.20556,0.11626,0.03554,0.67169,0.24444,0.13931,0.05728,2.42258,2.72242,0.56337,3.2717,2.84959,0.00162849,0.00162849,0.00162849
9,171.761,1.64416,2.14161,0.43594,2.68317,2.18239,0.62363,0.12778,0.09912,0.03409,0.62412,0.14444,0.11657,0.0521,2.5439,2.61708,0.49133,3.68776,2.83731,0.00162299,0.00162299,0.00162299
10,190.964,1.58117,1.95791,0.41568,2.61441,2.10329,0.69628,0.08977,0.09548,0.02783,0.12187,0.17778,0.11351,0.05211,2.51001,2.4905,0.55474,3.66888,2.70255,0.00161749,0.00161749,0.00161749
11,213.833,1.55847,1.94501,0.39584,2.58731,2.11429,0.63371,0.16111,0.0918,0.03047,0.65676,0.18889,0.13035,0.05145,2.42872,2.60806,0.94949,3.79686,2.76705,0.00161199,0.00161199,0.00161199
12,232.75,1.54861,1.86913,0.38354,2.58977,2.11649,0.62019,0.22222,0.11237,0.03828,0.63776,0.26111,0.14102,0.06854,2.35814,2.24732,0.54163,3.23709,2.77882,0.00160649,0.00160649,0.00160649
13,251.811,1.51791,1.84686,0.38578,2.57629,2.10558,0.56957,0.16667,0.05419,0.01546,0.59619,0.23822,0.08225,0.03334,2.33436,2.28643,0.42889,3.27171,2.70682,0.00160099,0.00160099,0.00160099
14,270.853,1.4544,1.75352,0.3588,2.52316,2.03107,0.12748,0.23333,0.11106,0.03343,0.14595,0.31111,0.14105,0.06187,2.32581,2.35646,0.45275,3.07325,2.65995,0.00159549,0.00159549,0.00159549
15,289.56,1.49157,1.80549,0.36338,2.58257,2.06162,0.61685,0.17778,0.10065,0.03531,0.61897,0.25556,0.1263,0.06031,2.04784,1.91112,0.55193,3.47279,2.48061,0.00158998,0.00158998,0.00158998
16,308.512,1.45147,1.76501,0.33815,2.46321,2.0437,0.60512,0.22222,0.08798,0.02598,0.62851,0.27222,0.12228,0.04927,2.20062,2.23332,0.40481,3.14183,2.5338,0.00158448,0.00158448,0.00158448
17,327.324,1.48501,1.78708,0.34355,2.4999,2.0595,0.62971,0.22222,0.1206,0.03502,0.65152,0.28333,0.15386,0.06601,2.3287,2.28082,0.4958,2.99356,2.57966,0.00157898,0.00157898,0.00157898
18,346.09,1.46566,1.74061,0.33065,2.4853,2.02652,0.62329,0.26667,0.13861,0.05249,0.63357,0.28889,0.1493,0.08072,2.22403,2.1832,0.62066,3.12732,2.66709,0.00157348,0.00157348,0.00157348
19,365.068,1.41127,1.66259,0.33961,2.50848,2.0086,0.622,0.21111,0.10495,0.03294,0.65332,0.27222,0.14492,0.06362,2.37262,2.208,0.28669,3.11958,2.59151,0.00156798,0.00156798,0.00156798
20,387.661,1.44867,1.77981,0.33587,2.51323,2.0064,0.6426,0.27264,0.13964,0.04459,0.66049,0.30556,0.17684,0.07774,2.20436,2.05934,0.71091,3.08648,2.61147,0.00156248,0.00156248,0.00156248
21,406.449,1.4178,1.70786,0.32586,2.44679,1.98731,0.6086,0.25556,0.10516,0.03051,0.62705,0.29525,0.12237,0.05825,2.30415,2.10687,0.48681,3.07442,2.56812,0.00155698,0.00155698,0.00155698
22,425.395,1.44609,1.74041,0.3215,2.41948,2.01534,0.65061,0.25556,0.12241,0.03737,0.66227,0.3,0.14223,0.06627,2.13851,1.84463,0.46795,3.01846,2.44878,0.00155148,0.00155148,0.00155148
23,447.339,1.43017,1.70124,0.30679,2.4424,2.00786,0.63888,0.2,0.15155,0.04935,0.66018,0.24444,0.18555,0.08692,2.20433,2.07,0.41415,3.00784,2.51731,0.00154598,0.00154598,0.00154598
24,466.105,1.42655,1.7177,0.31127,2.4547,1.99667,0.62212,0.22222,0.12416,0.0447,0.65487,0.28333,0.16392,0.08465,2.19644,1.84662,0.4512,3.04116,2.5125,0.00154047,0.00154047,0.00154047
25,484.845,1.38657,1.60599,0.31406,2.38996,1.98457,0.65273,0.24433,0.13279,0.04613,0.67567,0.28888,0.16366,0.07864,2.08373,1.78909,0.4457,2.98775,2.51185,0.00153497,0.00153497,0.00153497
26,503.756,1.39576,1.70204,0.30258,2.40129,1.97743,0.65609,0.25468,0.15072,0.04605,0.66774,0.28333,0.16375,0.07539,2.13731,2.00358,0.6845,2.99572,2.49525,0.00152947,0.00152947,0.00152947
27,522.684,1.39184,1.66383,0.31639,2.42137,1.97614,0.63893,0.25,0.12861,0.04225,0.66919,0.30556,0.17309,0.08126,2.19175,1.97843,0.50103,2.99088,2.51657,0.00152397,0.00152397,0.00152397
28,541.487,1.36854,1.59073,0.30011,2.38515,1.96137,0.65498,0.18889,0.13426,0.04091,0.66658,0.26111,0.18896,0.07931,2.25127,1.90579,0.3849,3.00064,2.59104,0.00151847,0.00151847,0.00151847
29,560.393,1.41001,1.66685,0.30457,2.41509,1.98301,0.64774,0.26667,0.1549,0.04695,0.66736,0.30556,0.18533,0.08277,2.21542,1.90573,0.48574,2.97629,2.53089,0.00151297,0.00151297,0.00151297
30,579.288,1.37419,1.60379,0.29308,2.38661,1.95086,0.64414,0.26667,0.1322,0.04506,0.68253,0.31623,0.17651,0.08396,2.2366,2.09232,0.50005,3.03589,2.54196,0.00150747,0.00150747,0.00150747
31,598.112,1.3243,1.54968,0.28798,2.35886,1.92133,0.64522,0.28425,0.16263,0.05275,0.67178,0.33729,0.20139,0.0926,2.08782,1.89048,0.37382,2.95856,2.40173,0.00150197,0.00150197,0.00150197
32,616.917,1.37656,1.56414,0.29388,2.3722,1.96722,0.62369,0.25,0.15062,0.05256,0.65379,0.30556,0.1987,0.09203,2.17708,1.80502,0.33896,2.96422,2.44388,0.00149647,0.00149647,0.00149647
33,635.682,1.36548,1.55809,0.29076,2.3828,1.94541,0.62054,0.26111,0.14908,0.04873,0.63849,0.3,0.16678,0.08158,2.21662,1.87964,0.48945,3.08462,2.56239,0.00149096,0.00149096,0.00149096
34,654.398,1.35213,1.61104,0.28557,2.33473,1.94007,0.63011,0.26578,0.13831,0.04672,0.64839,0.31667,0.16682,0.08149,2.113,1.82442,0.45476,3.05992,2.5115,0.00148546,0.00148546,0.00148546
35,673.385,1.35016,1.5929,0.29262,2.32838,1.9521,0.63994,0.26667,0.15102,0.05105,0.66868,0.32222,0.18662,0.08775,2.16509,1.91983,0.51784,3.17185,2.47879,0.00147996,0.00147996,0.00147996
36,692.348,1.35843,1.60066,0.28733,2.35944,1.94966,0.66,0.26667,0.15675,0.04741,0.6733,0.30556,0.17737,0.08359,2.12254,1.82006,0.46976,3.04996,2.45921,0.00147446,0.00147446,0.00147446
37,711.144,1.36965,1.55543,0.2869,2.33426,1.94805,0.63756,0.27778,0.1759,0.05577,0.67142,0.32222,0.20607,0.10223,2.13893,1.79476,0.43103,3.00693,2.50421,0.00146896,0.00146896,0.00146896
38,730.113,1.34348,1.58599,0.28306,2.31619,1.91862,0.64527,0.27074,0.15555,0.05639,0.66378,0.31121,0.17464,0.09127,2.10201,1.76949,0.55838,3.0421,2.48238,0.00146346,0.00146346,0.00146346
39,748.817,1.27884,1.50367,0.2798,2.24759,1.88007,0.64219,0.26667,0.14562,0.04837,0.65278,0.28889,0.16685,0.08267,1.91826,1.55275,0.3825,3.026,2.33713,0.00145796,0.00145796,0.00145796
40,767.707,1.32583,1.48047,0.27804,2.28146,1.92284,0.63876,0.3,0.16759,0.05354,0.64328,0.32357,0.18384,0.09288,2.30688,1.99975,0.50174,3.12416,2.58101,0.00145246,0.00145246,0.00145246
41,786.487,1.33282,1.48841,0.28134,2.30552,1.92445,0.66027,0.22222,0.15889,0.05311,0.68466,0.25703,0.19098,0.09585,1.92426,1.6336,0.37186,2.95102,2.32923,0.00144696,0.00144696,0.00144696
42,805.44,1.315,1.50746,0.27355,2.25352,1.92106,0.64624,0.26111,0.17009,0.06714,0.67043,0.33889,0.20154,0.10972,2.05194,1.60793,0.479,2.98171,2.51128,0.00144145,0.00144145,0.00144145
43,824.383,1.3068,1.49287,0.28043,2.26004,1.89693,0.63942,0.27067,0.14483,0.04938,0.66804,0.32623,0.17127,0.08603,1.98608,1.72427,0.45826,3.0325,2.41532,0.00143595,0.00143595,0.00143595
44,843.306,1.34161,1.54572,0.27746,2.3637,1.91751,0.64038,0.2494,0.13019,0.04715,0.64921,0.27778,0.1564,0.07422,1.9666,1.63607,0.7589,3.19407,2.42552,0.00143045,0.00143045,0.00143045
45,862.185,1.3323,1.51059,0.29075,2.27474,1.91279,0.64527,0.26165,0.16298,0.0633,0.66042,0.30556,0.18325,0.10284,2.00407,1.77915,0.69041,3.111,2.40149,0.00142495,0.00142495,0.00142495
46,880.947,1.28508,1.4756,0.26968,2.25012,1.88865,0.6829,0.25556,0.17629,0.05763,0.7125,0.30556,0.21715,0.10569,2.03382,1.62467,0.41377,3.0729,2.3955,0.00141945,0.00141945,0.00141945
47,899.872,1.28899,1.52741,0.27186,2.24689,1.8602,0.65824,0.3,0.1632,0.05183,0.69627,0.36111,0.22374,0.10383,2.06936,1.71866,0.43686,2.84503,2.43197,0.00141395,0.00141395,0.00141395
48,922.452,1.3196,1.51433,0.26475,2.21721,1.89219,0.63117,0.3,0.14241,0.05093,0.64803,0.34444,0.17372,0.09454,1.93388,1.61459,0.3548,2.8647,2.31874,0.00140845,0.00140845,0.00140845
49,941.235,1.33044,1.48432,0.26428,2.19152,1.90459,0.63213,0.28333,0.13225,0.04476,0.6508,0.32222,0.15713,0.07875,1.97543,1.58218,0.51231,2.96475,2.38638,0.00140295,0.00140295,0.00140295
50,960.121,1.30108,1.49719,0.27476,2.21744,1.8818,0.66366,0.23889,0.15896,0.06368,0.67971,0.33889,0.2023,0.10545,1.9386,1.61922,0.58447,2.92308,2.38961,0.00139745,0.00139745,0.00139745
51,979.042,1.2693,1.47309,0.26182,2.21472,1.87377,0.66384,0.27778,0.15363,0.05854,0.68316,0.34444,0.19299,0.102,1.93496,1.49601,0.47362,2.96116,2.36234,0.00139195,0.00139195,0.00139195
52,997.916,1.24915,1.42129,0.25886,2.15391,1.85649,0.67924,0.20181,0.18741,0.063,0.69524,0.26339,0.22167,0.10845,1.95348,1.51164,0.49855,2.95665,2.40927,0.00138644,0.00138644,0.00138644
53,1016.54,1.31407,1.54666,0.26308,2.25989,1.89605,0.6641,0.23333,0.16817,0.07164,0.67236,0.26111,0.20079,0.11562,1.93717,1.62125,0.59762,2.93275,2.46018,0.00138094,0.00138094,0.00138094
54,1035.56,1.26125,1.47935,0.25607,2.21263,1.86387,0.25474,0.325,0.17367,0.06264,0.18197,0.33975,0.19668,0.10147,1.94015,1.60457,0.48176,2.96404,2.31051,0.00137544,0.00137544,0.00137544
55,1054.48,1.26897,1.42556,0.25374,2.19709,1.86533,0.64876,0.27778,0.15663,0.05448,0.67997,0.35,0.1887,0.09566,1.98336,1.53858,0.53262,2.90339,2.40028,0.00136994,0.00136994,0.00136994
56,1073.37,1.26645,1.43447,0.25596,2.14194,1.85468,0.64131,0.30423,0.16519,0.06376,0.64905,0.3209,0.18934,0.09986,1.95362,1.69648,0.41335,3.02785,2.42483,0.00136444,0.00136444,0.00136444
57,1092.12,1.28693,1.46954,0.25502,2.21093,1.8736,0.66856,0.26111,0.18483,0.06906,0.67041,0.3,0.21165,0.11442,2.05245,1.63064,0.39506,2.93896,2.42242,0.00135894,0.00135894,0.00135894
58,1111.05,1.27995,1.48336,0.25473,2.1717,1.86245,0.66405,0.26667,0.20479,0.08218,0.68518,0.32351,0.23716,0.13139,1.9574,1.56863,0.55917,2.82259,2.40882,0.00135344,0.00135344,0.00135344
59,1130.02,1.2722,1.47842,0.2511,2.17346,1.8571,0.68364,0.22251,0.18896,0.07468,0.68374,0.28081,0.22837,0.1223,1.94577,1.56482,0.5583,2.80135,2.37473,0.00134794,0.00134794,0.00134794
60,1148.72,1.25785,1.41682,0.25516,2.14031,1.86664,0.70078,0.22222,0.17323,0.05678,0.71409,0.24444,0.21183,0.10539,2.03067,1.67759,0.35038,2.80847,2.45253,0.00134244,0.00134244,0.00134244
61,1167.83,1.24809,1.41775,0.24917,2.1718,1.83637,0.69293,0.27222,0.19999,0.08491,0.70676,0.29444,0.23554,0.13511,1.86444,1.59624,0.49412,2.87745,2.29981,0.00133693,0.00133693,0.00133693
62,1186.65,1.24941,1.41244,0.24799,2.12807,1.84135,0.68156,0.26667,0.19204,0.07773,0.68979,0.28889,0.22528,0.12654,1.97966,1.6136,0.43455,2.80017,2.43384,0.00133143,0.00133143,0.00133143
63,1205.35,1.25161,1.4138,0.24678,2.10959,1.84713,0.68181,0.27778,0.19745,0.07119,0.69937,0.33333,0.23833,0.12251,2.04075,1.6765,0.58419,2.85438,2.49607,0.00132593,0.00132593,0.00132593
64,1224.07,1.25067,1.41891,0.25493,2.10812,1.8432,0.69087,0.28813,0.20016,0.0739,0.71526,0.34444,0.23263,0.1249,2.01277,1.61816,0.53929,2.9381,2.46432,0.00132043,0.00132043,0.00132043
65,1243.02,1.29611,1.45604,0.24652,2.1619,1.89393,0.69763,0.24444,0.20866,0.07705,0.71214,0.33165,0.25198,0.14015,1.98903,1.56904,0.54916,2.83866,2.41595,0.00131493,0.00131493,0.00131493
66,1261.88,1.25479,1.37278,0.2549,2.11026,1.83679,0.68344,0.27778,0.18534,0.07501,0.69475,0.29775,0.20257,0.12075,1.90377,1.55547,0.64193,2.88364,2.35913,0.00130943,0.00130943,0.00130943
67,1280.8,1.28715,1.46483,0.25498,2.14492,1.87242,0.70777,0.28889,0.22825,0.09701,0.71032,0.36111,0.26351,0.15123,2.01795,1.67428,0.45649,2.71327,2.46022,0.00130393,0.00130393,0.00130393
68,1299.83,1.24904,1.39026,0.23532,2.16102,1.84782,0.14199,0.30556,0.20944,0.08606,0.16853,0.36111,0.2409,0.14276,1.98712,1.54653,0.46697,2.71819,2.40304,0.00129843,0.00129843,0.00129843
69,1318.73,1.22542,1.35025,0.23944,2.09283,1.83468,0.70799,0.27778,0.22501,0.083,0.72388,0.31984,0.2702,0.14645,2.03931,1.59134,0.3741,2.79524,2.41926,0.00129293,0.00129293,0.00129293
70,1337.7,1.26278,1.41221,0.24479,2.14211,1.84291,0.72095,0.28333,0.2009,0.07668,0.7251,0.3,0.24875,0.13415,1.91477,1.62095,0.42316,2.76786,2.29004,0.00128742,0.00128742,0.00128742
71,1356.49,1.25372,1.34348,0.23302,2.09836,1.84388,0.6929,0.28333,0.22726,0.0919,0.70802,0.30556,0.26148,0.14575,1.87794,1.64572,0.46539,2.83749,2.27056,0.00128192,0.00128192,0.00128192
72,1375.39,1.25282,1.39415,0.24297,2.0797,1.8472,0.15824,0.30096,0.22649,0.09349,0.7119,0.38333,0.27693,0.15394,1.96299,1.60072,0.46277,2.87662,2.39128,0.00127642,0.00127642,0.00127642
73,1394.4,1.27145,1.40978,0.24698,2.07683,1.86109,0.26625,0.30833,0.20319,0.07199,0.3193,0.35833,0.26193,0.13569,2.02083,1.64872,0.41379,2.79886,2.45283,0.00127092,0.00127092,0.00127092
74,1413.38,1.26445,1.40679,0.24491,2.1148,1.84524,0.68569,0.25929,0.1879,0.06619,0.15136,0.32778,0.21537,0.1124,1.97668,1.67194,0.78701,3.1045,2.54329,0.00126542,0.00126542,0.00126542
75,1432.23,1.20177,1.3275,0.23547,2.03856,1.79941,0.71757,0.23333,0.20362,0.08155,0.72014,0.27094,0.22929,0.13457,1.97938,1.66511,0.453,2.87557,2.44702,0.00125992,0.00125992,0.00125992
76,1450.79,1.23954,1.40045,0.24187,2.05104,1.82997,0.66828,0.27222,0.16948,0.06698,0.68991,0.29444,0.19093,0.10664,1.96535,1.73763,0.60317,3.18299,2.58344,0.00125442,0.00125442,0.00125442
77,1469.71,1.22759,1.33084,0.22303,2.04772,1.82173,0.71278,0.28889,0.19517,0.07195,0.73324,0.31667,0.22922,0.12767,1.89768,1.5255,0.50898,2.79208,2.44646,0.00124892,0.00124892,0.00124892
78,1488.26,1.19361,1.2922,0.23521,2.0252,1.81006,0.71231,0.2952,0.22326,0.08149,0.70481,0.37222,0.25036,0.14286,1.8964,1.50223,0.36968,2.79212,2.3475,0.00124342,0.00124342,0.00124342
79,1507.13,1.22019,1.36879,0.2288,2.02033,1.80925,0.25667,0.37778,0.25926,0.10183,0.28812,0.41389,0.30115,0.17007,1.87409,1.47826,0.55405,2.83768,2.33898,0.00123791,0.00123791,0.00123791
80,1526.18,1.24759,1.38606,0.24455,2.01442,1.87424,0.77518,0.25,0.25333,0.09369,0.28744,0.38889,0.2921,0.16283,1.89335,1.47798,0.51451,2.87559,2.33322,0.00123241,0.00123241,0.00123241
81,1545.15,1.21221,1.35002,0.23592,2.05387,1.8198,0.73713,0.28567,0.21807,0.08154,0.73985,0.33333,0.26019,0.13975,1.91185,1.51748,0.50902,2.85317,2.30092,0.00122691,0.00122691,0.00122691
82,1563.79,1.20002,1.2898,0.22031,2.02362,1.79653,0.32287,0.32783,0.22885,0.08994,0.37346,0.375,0.26004,0.15622,1.91587,1.57498,0.58493,2.78327,2.38918,0.00122141,0.00122141,0.00122141
83,1582.35,1.21118,1.31627,0.22357,2.00948,1.80585,0.28953,0.29167,0.25117,0.08442,0.28216,0.31944,0.28078,0.16388,1.98549,1.4983,0.38026,2.7573,2.40371,0.00121591,0.00121591,0.00121591
84,1601,1.20851,1.32154,0.23076,2.00561,1.81235,0.25446,0.32222,0.19449,0.07486,0.31657,0.36944,0.24804,0.1321,1.92975,1.54788,0.55123,2.91328,2.44618,0.00121041,0.00121041,0.00121041
85,1619.98,1.18273,1.35749,0.22475,1.94613,1.78371,0.25298,0.34228,0.26075,0.099,0.30961,0.38611,0.29999,0.17454,1.97504,1.58462,0.44114,2.68742,2.38885,0.00120491,0.00120491,0.00120491
86,1638.98,1.18624,1.30027,0.22592,1.94489,1.79069,0.23664,0.31411,0.2488,0.08924,0.28776,0.375,0.28648,0.15376,2.01034,1.78912,0.41852,2.71087,2.46816,0.00119941,0.00119941,0.00119941
87,1657.92,1.22179,1.31457,0.22089,2.00735,1.79804,0.80232,0.22778,0.25797,0.09458,0.34865,0.39722,0.31212,0.1743,1.97407,1.62937,0.47429,2.84866,2.4499,0.00119391,0.00119391,0.00119391
88,1676.81,1.15153,1.29302,0.22144,1.93166,1.75907,0.36298,0.31111,0.26761,0.10538,0.39436,0.35677,0.30855,0.18255,1.97974,1.59045,0.51417,2.66586,2.4286,0.0011884,0.0011884,0.0011884
89,1696.23,1.1779,1.299,0.21906,1.9102,1.78211,0.29084,0.33611,0.27409,0.10405,0.32665,0.35556,0.30528,0.17601,1.95493,1.5264,0.44848,2.68875,2.41899,0.0011829,0.0011829,0.0011829
90,1714.97,1.1853,1.2993,0.22339,1.93767,1.78388,0.7568,0.28889,0.26489,0.09853,0.74418,0.34444,0.29951,0.17147,1.91782,1.52814,0.44758,2.80261,2.43241,0.0011774,0.0011774,0.0011774
91,1733.88,1.14136,1.24952,0.22199,1.89545,1.77183,0.34404,0.41111,0.3324,0.11897,0.37548,0.43333,0.37853,0.21435,1.95476,1.50085,0.45506,2.66547,2.50152,0.0011719,0.0011719,0.0011719
92,1752.94,1.18151,1.27413,0.22037,1.91078,1.77933,0.25305,0.35556,0.25881,0.10107,0.32629,0.4,0.31164,0.17277,1.98988,1.65815,0.47857,2.77963,2.47902,0.0011664,0.0011664,0.0011664
93,1771.89,1.17529,1.29954,0.22407,1.89676,1.76881,0.27656,0.36944,0.28992,0.11054,0.35329,0.41944,0.34307,0.18926,1.95487,1.57915,0.38742,2.60022,2.40388,0.0011609,0.0011609,0.0011609
94,1790.84,1.16662,1.30747,0.23053,1.90912,1.77597,0.29892,0.37712,0.27816,0.10706,0.34749,0.40789,0.33372,0.18403,1.96569,1.62227,0.42756,2.73313,2.41975,0.0011554,0.0011554,0.0011554
95,1809.38,1.17111,1.27701,0.22688,1.94916,1.76113,0.46605,0.36944,0.28422,0.10688,0.52939,0.37705,0.34187,0.18332,2.02944,1.67828,0.54822,2.67134,2.49293,0.0011499,0.0011499,0.0011499
96,1828.28,1.17519,1.31387,0.21822,1.89087,1.76176,0.33246,0.31471,0.2826,0.10957,0.3258,0.34383,0.30609,0.19293,1.98286,1.53781,0.37695,2.70651,2.3552,0.0011444,0.0011444,0.0011444
97,1846.94,1.19998,1.28625,0.20511,1.9037,1.78752,0.36927,0.31111,0.29569,0.11579,0.43382,0.34722,0.35491,0.20319,1.87632,1.48062,0.50793,2.63761,2.35691,0.00113889,0.00113889,0.00113889
98,1865.8,1.1777,1.29175,0.21378,1.89054,1.77733,0.29579,0.38056,0.31487,0.12149,0.33057,0.44207,0.37911,0.22055,1.96534,1.53033,0.5509,2.65582,2.45449,0.00113339,0.00113339,0.00113339
99,1884.77,1.18826,1.30334,0.21426,1.8814,1.78019,0.30836,0.3583,0.26049,0.0951,0.34773,0.41003,0.30925,0.16848,2.136,1.79604,0.56877,3.02554,2.62093,0.00112789,0.00112789,0.00112789
100,1903.48,1.18635,1.30183,0.2175,1.88206,1.78593,0.3593,0.40833,0.31769,0.12921,0.41981,0.45556,0.36366,0.22289,1.95762,1.56976,0.42284,2.63189,2.44932,0.00112239,0.00112239,0.00112239
101,1922.49,1.18327,1.25103,0.21213,1.87801,1.77676,0.4099,0.35326,0.31643,0.11577,0.47905,0.44444,0.37844,0.21594,1.94472,1.51243,0.63247,2.55803,2.43662,0.00111689,0.00111689,0.00111689
102,1941.12,1.14916,1.23157,0.21301,1.87845,1.73969,0.33757,0.36944,0.32222,0.12068,0.39121,0.4163,0.36882,0.21889,2.00511,1.6191,0.35203,2.59306,2.44617,0.00111139,0.00111139,0.00111139
103,1960.03,1.17058,1.2551,0.2128,1.84732,1.76759,0.29521,0.36944,0.29096,0.10781,0.39853,0.42666,0.35133,0.19455,1.92794,1.64566,0.55479,2.74298,2.4864,0.00110589,0.00110589,0.00110589
104,1978.99,1.15566,1.21059,0.20973,1.80778,1.74542,0.44712,0.36959,0.3056,0.12209,0.61357,0.43764,0.39096,0.20664,1.91803,1.53991,0.58567,2.81406,2.43077,0.00110039,0.00110039,0.00110039
105,1997.69,1.16519,1.23037,0.21454,1.84122,1.75595,0.32134,0.35547,0.28438,0.11068,0.36145,0.44167,0.34386,0.1972,1.92256,1.51213,0.55476,2.70944,2.48088,0.00109489,0.00109489,0.00109489
106,2016.41,1.18072,1.27807,0.21355,1.80935,1.76492,0.36048,0.38641,0.29254,0.11781,0.37753,0.41643,0.32036,0.19099,1.95152,1.65573,0.57984,2.86323,2.50753,0.00108938,0.00108938,0.00108938
107,2035.36,1.1612,1.2298,0.21313,1.79353,1.75474,0.39905,0.42222,0.34674,0.13486,0.46748,0.44444,0.39501,0.23168,1.96863,1.61208,0.48772,2.62237,2.45733,0.00108388,0.00108388,0.00108388
108,2054.34,1.14897,1.24747,0.21014,1.77825,1.76257,0.5399,0.3625,0.34884,0.13206,0.64831,0.37778,0.40002,0.23087,1.95205,1.52927,0.44599,2.53979,2.41964,0.00107838,0.00107838,0.00107838
109,2072.98,1.1199,1.15965,0.21433,1.78321,1.74074,0.43967,0.33611,0.29642,0.11839,0.50586,0.37222,0.36093,0.20498,1.96039,1.50406,0.32139,2.67003,2.35237,0.00107288,0.00107288,0.00107288
110,2095.87,1.13502,1.23044,0.20427,1.78252,1.74454,0.44613,0.31667,0.31939,0.12509,0.48493,0.34722,0.37608,0.22641,1.94845,1.53124,0.37323,2.56292,2.39402,0.00106738,0.00106738,0.00106738
111,2114.94,1.17628,1.28547,0.21217,1.82143,1.76396,0.44824,0.3726,0.34462,0.12257,0.38599,0.40833,0.38759,0.24008,2.02332,1.62157,0.43152,2.52585,2.46852,0.00106188,0.00106188,0.00106188
112,2134.47,1.15555,1.21892,0.20212,1.77366,1.75268,0.44214,0.36667,0.32693,0.13081,0.39169,0.43706,0.36696,0.22186,1.88025,1.58732,0.66684,2.82768,2.39265,0.00105638,0.00105638,0.00105638
113,2153.4,1.1286,1.20061,0.20438,1.77871,1.7335,0.3604,0.41111,0.32305,0.14409,0.36254,0.43889,0.35911,0.22437,1.9158,1.61758,0.59299,2.66529,2.40805,0.00105088,0.00105088,0.00105088
114,2171.98,1.12585,1.20672,0.19652,1.73984,1.73074,0.44494,0.46358,0.40949,0.16561,0.48065,0.51944,0.45229,0.2846,1.96867,1.58146,0.42213,2.37334,2.3982,0.00104538,0.00104538,0.00104538
115,2190.78,1.13024,1.23135,0.20908,1.79303,1.72505,0.41591,0.41667,0.34824,0.1277,0.46752,0.46383,0.4043,0.23101,1.9566,1.57535,0.45567,2.53898,2.42756,0.00103987,0.00103987,0.00103987
116,2209.72,1.12358,1.19311,0.20612,1.75933,1.71449,0.37289,0.375,0.34346,0.13465,0.42662,0.43333,0.38225,0.2299,1.95564,1.59012,0.3845,2.48083,2.37311,0.00103437,0.00103437,0.00103437
117,2228.63,1.12519,1.1845,0.20269,1.72566,1.73576,0.47333,0.43225,0.40639,0.15488,0.52323,0.4812,0.4627,0.28601,1.94061,1.5797,0.39334,2.41221,2.36753,0.00102887,0.00102887,0.00102887
118,2247.5,1.09453,1.20007,0.19861,1.69888,1.69121,0.5163,0.35556,0.37635,0.1475,0.49244,0.43777,0.44131,0.26547,1.93724,1.51129,0.47317,2.52778,2.41736,0.00102337,0.00102337,0.00102337
119,2266.78,1.13606,1.2164,0.19363,1.71953,1.70886,0.44297,0.39444,0.36817,0.15095,0.52016,0.45304,0.43175,0.26114,1.95217,1.5243,0.62455,2.52021,2.53339,0.00101787,0.00101787,0.00101787
120,2285.68,1.14742,1.24525,0.20171,1.75522,1.72049,0.4376,0.39142,0.35822,0.1343,0.53386,0.4823,0.46595,0.25049,2.08258,1.62552,0.39078,2.47125,2.4963,0.00101237,0.00101237,0.00101237
121,2304.44,1.12091,1.19921,0.19844,1.73134,1.71334,0.5291,0.39997,0.41051,0.15762,0.58296,0.46944,0.45603,0.27993,1.96127,1.59423,0.66145,2.50135,2.53318,0.00100687,0.00100687,0.00100687
122,2323.32,1.10432,1.19066,0.20423,1.67137,1.71313,0.32076,0.38056,0.31011,0.13256,0.351,0.45,0.36785,0.21777,1.97598,1.68632,0.72728,2.86321,2.61472,0.00100137,0.00100137,0.00100137
123,2342.23,1.14132,1.18016,0.20082,1.70787,1.74471,0.51885,0.43611,0.40665,0.15835,0.57468,0.47448,0.47965,0.27322,2.00156,1.67627,0.58117,2.4793,2.48426,0.000995866,0.000995866,0.000995866
124,2361.22,1.13431,1.17158,0.19824,1.72178,1.73204,0.55308,0.34722,0.39076,0.14824,0.42519,0.46111,0.4234,0.26353,1.9154,1.53106,0.51389,2.43261,2.3374,0.000990365,0.000990365,0.000990365
125,2380.06,1.12265,1.18445,0.2018,1.72808,1.72234,0.41267,0.4,0.35869,0.14717,0.5265,0.45893,0.43707,0.24898,1.92214,1.54503,0.38424,2.39757,2.38651,0.000984864,0.000984864,0.000984864
126,2398.66,1.10862,1.15575,0.19127,1.67605,1.6907,0.39612,0.40278,0.31126,0.12648,0.43067,0.43889,0.353,0.21105,1.90304,1.54662,0.48787,2.69436,2.42138,0.000979362,0.000979362,0.000979362
127,2417.97,1.10296,1.15839,0.19717,1.67943,1.71177,0.45558,0.37778,0.36329,0.15754,0.5418,0.42778,0.43017,0.26187,1.86047,1.5131,0.58293,2.45102,2.35738,0.000973861,0.000973861,0.000973861
128,2436.83,1.13186,1.12538,0.18597,1.67691,1.71957,0.53642,0.34161,0.37447,0.15546,0.4713,0.46212,0.44247,0.26219,1.96182,1.67578,0.44214,2.40846,2.43232,0.00096836,0.00096836,0.00096836
129,2455.74,1.0897,1.15719,0.18064,1.67527,1.68847,0.46906,0.39444,0.3539,0.14561,0.5033,0.47222,0.41022,0.23937,1.87653,1.63149,0.64298,2.54268,2.47375,0.000962859,0.000962859,0.000962859
130,2474.65,1.10652,1.189,0.20656,1.65053,1.69258,0.38118,0.375,0.3098,0.12007,0.41258,0.40833,0.35063,0.21185,1.97718,1.64299,0.51794,2.72191,2.5319,0.000957358,0.000957358,0.000957358
131,2494,1.09877,1.15046,0.19159,1.64578,1.70959,0.44162,0.35278,0.33438,0.13334,0.50458,0.40862,0.39768,0.23499,1.92283,1.56486,0.29797,2.434,2.36999,0.000951857,0.000951857,0.000951857
132,2512.92,1.10053,1.15091,0.19423,1.6585,1.69481,0.50783,0.43889,0.38755,0.14983,0.55267,0.48056,0.45107,0.25095,1.93115,1.62327,0.64407,2.59078,2.4605,0.000946356,0.000946356,0.000946356
133,2531.89,1.08195,1.17111,0.19634,1.64324,1.68322,0.4339,0.37778,0.33548,0.12514,0.45717,0.425,0.39298,0.23329,1.87957,1.52879,0.56159,2.43789,2.38514,0.000940855,0.000940855,0.000940855
134,2550.78,1.10191,1.13005,0.19461,1.65742,1.69071,0.38637,0.38994,0.36049,0.15013,0.50944,0.45833,0.44206,0.25743,1.86261,1.5056,0.47025,2.39422,2.35432,0.000935354,0.000935354,0.000935354
135,2569.57,1.08633,1.15153,0.19115,1.6076,1.67913,0.4987,0.37778,0.36325,0.15436,0.55755,0.425,0.43347,0.25764,1.91445,1.6861,0.48677,2.56374,2.4494,0.000929853,0.000929853,0.000929853
136,2589.51,1.16948,1.28066,0.19358,1.69044,1.72179,0.43892,0.425,0.39164,0.15918,0.48988,0.47715,0.45761,0.29103,1.89291,1.5206,0.48462,2.36994,2.3382,0.000924352,0.000924352,0.000924352
137,2608.41,1.09851,1.21028,0.19255,1.65279,1.70397,0.46769,0.4,0.34871,0.14404,0.49442,0.48888,0.43018,0.24977,1.99645,1.63739,0.58972,2.54494,2.49435,0.00091885,0.00091885,0.00091885
138,2627.36,1.1276,1.22609,0.18443,1.64846,1.69729,0.42352,0.41389,0.35836,0.14751,0.55105,0.41389,0.42955,0.263,1.92196,1.54378,0.43591,2.45669,2.36121,0.000913349,0.000913349,0.000913349
139,2646.27,1.06618,1.13069,0.18611,1.56726,1.66074,0.51378,0.34722,0.3481,0.14812,0.56969,0.38964,0.40285,0.25702,1.96052,1.62256,0.41275,2.43877,2.43189,0.000907848,0.000907848,0.000907848
140,2665.38,1.09967,1.15042,0.19222,1.61097,1.69587,0.5784,0.37222,0.39974,0.16076,0.6609,0.43056,0.47005,0.29568,1.9515,1.57582,0.42063,2.39985,2.32531,0.000902347,0.000902347,0.000902347
141,2684.34,1.0634,1.11087,0.18299,1.56742,1.66295,0.37436,0.36776,0.35032,0.14746,0.49396,0.46667,0.43484,0.25318,1.97951,1.70921,0.5519,2.42675,2.50194,0.000896846,0.000896846,0.000896846
142,2703.26,1.08469,1.14155,0.19892,1.61661,1.67155,0.36645,0.38056,0.28908,0.12046,0.48603,0.44444,0.37501,0.21076,2.03471,1.7648,0.50806,2.73393,2.62016,0.000891345,0.000891345,0.000891345
143,2721.83,1.08143,1.13904,0.19823,1.56244,1.68107,0.4573,0.43056,0.36121,0.15294,0.51439,0.4702,0.42034,0.2596,1.89425,1.6026,0.44785,2.51004,2.41549,0.000885844,0.000885844,0.000885844
144,2740.63,1.04709,1.11206,0.19046,1.55043,1.65083,0.42515,0.35,0.3068,0.13135,0.56206,0.41389,0.39592,0.23242,1.87083,1.56779,0.43243,2.57313,2.35919,0.000880343,0.000880343,0.000880343
145,2759.63,1.09062,1.17287,0.19289,1.56696,1.693,0.43078,0.39167,0.38386,0.1664,0.48491,0.45833,0.45427,0.28729,1.9075,1.58966,0.30671,2.3666,2.39499,0.000874842,0.000874842,0.000874842
146,2778.52,1.10049,1.14907,0.18342,1.62975,1.69446,0.56204,0.34444,0.38226,0.15759,0.51628,0.47719,0.47917,0.29957,1.97226,1.50912,0.40669,2.28507,2.39946,0.00086934,0.00086934,0.00086934
147,2797.36,1.07622,1.11832,0.1867,1.52462,1.67958,0.50477,0.36232,0.34415,0.14297,0.53046,0.45,0.43543,0.26768,1.90617,1.55474,0.47893,2.4408,2.388,0.000863839,0.000863839,0.000863839
148,2816.52,1.05569,1.1139,0.18563,1.52052,1.65836,0.41171,0.375,0.33209,0.12046,0.52071,0.43507,0.41566,0.23769,2.00531,1.56735,0.42074,2.49455,2.44203,0.000858338,0.000858338,0.000858338
149,2835.39,1.0783,1.10532,0.17657,1.54067,1.66646,0.55668,0.32211,0.32297,0.13167,0.55817,0.38889,0.40016,0.23983,1.96743,1.60851,0.43236,2.44695,2.47353,0.000852837,0.000852837,0.000852837
150,2854.3,1.09488,1.09464,0.18475,1.5654,1.66195,0.36942,0.40495,0.35079,0.15217,0.48312,0.475,0.45282,0.26295,1.92363,1.54527,0.484,2.46644,2.45481,0.000847336,0.000847336,0.000847336
151,2873.18,1.09909,1.13973,0.19293,1.57814,1.69445,0.47664,0.40556,0.39026,0.15731,0.56372,0.47222,0.45951,0.27456,1.98451,1.5935,0.403,2.54772,2.42767,0.000841835,0.000841835,0.000841835
152,2892.14,1.06594,1.11907,0.17815,1.52524,1.65953,0.49704,0.4,0.38927,0.15779,0.54611,0.43611,0.43978,0.28309,1.94369,1.56844,0.44645,2.3593,2.42057,0.000836334,0.000836334,0.000836334
153,2912.02,1.02648,1.04875,0.17951,1.50647,1.63413,0.38186,0.38611,0.31945,0.13678,0.46267,0.45278,0.4057,0.24065,1.95508,1.5883,0.52263,2.60319,2.4488,0.000830833,0.000830833,0.000830833
154,2930.91,1.06015,1.08159,0.17859,1.51797,1.64935,0.41747,0.38597,0.34299,0.15235,0.5374,0.43698,0.43987,0.26843,1.90817,1.54098,0.43763,2.35979,2.38096,0.000825332,0.000825332,0.000825332
155,2949.62,1.04822,1.07744,0.17921,1.52125,1.65476,0.58546,0.36438,0.38799,0.14952,0.71923,0.42459,0.47856,0.27051,1.94512,1.56116,0.37885,2.42728,2.45045,0.000819831,0.000819831,0.000819831
156,2968.53,1.06704,1.08403,0.18118,1.53256,1.65891,0.54281,0.39167,0.39371,0.15732,0.63919,0.46389,0.47869,0.28373,1.92588,1.55333,0.44509,2.36538,2.41796,0.000814329,0.000814329,0.000814329
157,2987.45,1.08884,1.17975,0.17944,1.55048,1.68969,0.39537,0.44423,0.34472,0.15465,0.4933,0.53333,0.45132,0.27156,1.94425,1.55945,0.56574,2.47215,2.48579,0.000808828,0.000808828,0.000808828
158,3006.34,1.04654,1.04381,0.18492,1.46647,1.64355,0.40608,0.36667,0.33681,0.14885,0.50369,0.44455,0.42689,0.25949,1.88621,1.53783,0.49182,2.37056,2.40027,0.000803327,0.000803327,0.000803327
159,3025.55,1.05736,1.11421,0.18139,1.51158,1.65539,0.40411,0.33333,0.31466,0.13919,0.56219,0.41111,0.39667,0.24506,1.86673,1.52302,0.45165,2.42925,2.39923,0.000797826,0.000797826,0.000797826
160,3044.67,1.04063,1.11504,0.17513,1.49509,1.63072,0.53002,0.44465,0.41321,0.1574,0.69061,0.43671,0.46842,0.2886,1.87888,1.50592,0.53007,2.44942,2.44194,0.000792325,0.000792325,0.000792325
161,3063.62,1.0194,1.06199,0.17039,1.4826,1.61703,0.50177,0.39167,0.34214,0.15296,0.57129,0.46389,0.42211,0.2623,1.91447,1.6163,0.44293,2.51532,2.48002,0.000786824,0.000786824,0.000786824
162,3082.36,1.07278,1.07386,0.18133,1.53186,1.65836,0.58147,0.40609,0.40911,0.17551,0.66124,0.4502,0.48532,0.30703,1.90203,1.56175,0.4673,2.30512,2.40084,0.000781323,0.000781323,0.000781323
163,3101.37,1.0485,1.08128,0.18874,1.48919,1.63889,0.62454,0.40831,0.40962,0.16537,0.66989,0.46389,0.48658,0.29096,1.95926,1.67865,0.53137,2.3994,2.5462,0.000775822,0.000775822,0.000775822
164,3120.26,1.01276,1.04382,0.1832,1.42672,1.63028,0.5495,0.40924,0.38688,0.15206,0.67831,0.48541,0.48427,0.27298,1.91853,1.52763,0.47624,2.3239,2.41688,0.000770321,0.000770321,0.000770321
165,3139.22,1.01362,1.0354,0.17867,1.41464,1.61961,0.43736,0.44167,0.3636,0.14588,0.59961,0.52811,0.47249,0.28041,2.00657,1.63771,0.4258,2.43422,2.55784,0.00076482,0.00076482,0.00076482
166,3158.25,1.00952,1.07039,0.16549,1.45202,1.60774,0.52761,0.41271,0.41224,0.16001,0.60719,0.47108,0.47465,0.2921,1.94995,1.56101,0.52346,2.3234,2.48683,0.000759318,0.000759318,0.000759318
167,3178.43,1.04246,1.07215,0.16976,1.45923,1.65135,0.47276,0.44461,0.3698,0.1434,0.54428,0.49444,0.45863,0.26635,1.94194,1.59897,0.53731,2.41153,2.46015,0.000753817,0.000753817,0.000753817
168,3197.12,1.03098,1.07893,0.18091,1.49325,1.62759,0.53616,0.43263,0.41781,0.17336,0.59835,0.47116,0.48479,0.29922,1.94908,1.57281,0.41215,2.36705,2.48913,0.000748316,0.000748316,0.000748316
169,3215.87,1.02071,1.04727,0.17048,1.42512,1.6181,0.52633,0.35556,0.35233,0.14355,0.5094,0.46363,0.4261,0.25309,1.95719,1.56711,0.43259,2.54133,2.53816,0.000742815,0.000742815,0.000742815
170,3234.85,1.00911,1.01334,0.17453,1.4438,1.62378,0.44682,0.41111,0.38876,0.14787,0.49691,0.48738,0.47882,0.27674,1.97167,1.65972,0.34508,2.38572,2.53493,0.000737314,0.000737314,0.000737314
171,3253.85,1.05074,1.08678,0.17597,1.45157,1.61419,0.53573,0.36389,0.3907,0.15549,0.55327,0.46227,0.47296,0.28913,2.01215,1.66564,0.35165,2.33904,2.49284,0.000731813,0.000731813,0.000731813
172,3272.74,1.03447,1.0164,0.17404,1.39534,1.65135,0.51853,0.41111,0.37343,0.17433,0.62224,0.48333,0.47109,0.28623,1.94834,1.63684,0.47779,2.56245,2.5049,0.000726312,0.000726312,0.000726312
173,3291.79,0.9866,0.99856,0.16591,1.38285,1.59984,0.46489,0.45278,0.40039,0.17414,0.548,0.51944,0.48323,0.30126,1.94044,1.67476,0.53252,2.37191,2.4671,0.000720811,0.000720811,0.000720811
174,3311.26,1.04435,1.04298,0.18419,1.45019,1.63742,0.52692,0.41587,0.37218,0.17486,0.57403,0.47778,0.45604,0.2931,1.98385,1.75791,0.51451,2.35114,2.53399,0.00071531,0.00071531,0.00071531
175,3330.18,1.00473,1.01659,0.16848,1.36714,1.60861,0.48506,0.4322,0.36276,0.15683,0.56157,0.49533,0.44783,0.27006,2.00958,1.74813,0.51263,2.59687,2.53137,0.000709809,0.000709809,0.000709809
176,3348.94,0.99362,1.00034,0.17432,1.36756,1.5935,0.4405,0.42861,0.37265,0.15612,0.55099,0.52107,0.47195,0.27483,2.05947,1.80331,0.38073,2.47545,2.5402,0.000704307,0.000704307,0.000704307
177,3367.84,0.99215,1.04395,0.16921,1.37615,1.59299,0.50518,0.42981,0.41075,0.1654,0.56987,0.525,0.51075,0.29565,2.08455,1.70994,0.49875,2.49423,2.61801,0.000698806,0.000698806,0.000698806
178,3386.58,0.99527,1.06043,0.17758,1.37563,1.59419,0.51996,0.425,0.38894,0.17054,0.59759,0.48899,0.47465,0.28776,2.01356,1.66799,0.5696,2.43511,2.54471,0.000693305,0.000693305,0.000693305
179,3405.51,1.04702,1.11725,0.1703,1.39468,1.65212,0.52745,0.41111,0.38677,0.16652,0.57127,0.50278,0.46776,0.28,2.05053,1.77213,0.49347,2.45637,2.55881,0.000687804,0.000687804,0.000687804
180,3424.54,1.00069,1.03984,0.17076,1.374,1.59572,0.44329,0.40145,0.3695,0.16765,0.54769,0.49167,0.49491,0.29872,1.99978,1.68282,0.40348,2.46594,2.54894,0.000682303,0.000682303,0.000682303
181,3443.48,0.96678,1.03224,0.16503,1.36208,1.56788,0.49974,0.43534,0.41983,0.18874,0.53388,0.46305,0.46973,0.31271,1.9259,1.5636,0.46003,2.48698,2.46606,0.000676802,0.000676802,0.000676802
182,3462.26,0.97494,0.9617,0.15868,1.36034,1.57563,0.50528,0.44166,0.40628,0.16925,0.54774,0.50613,0.47786,0.28424,1.97846,1.69001,0.49317,2.46157,2.57162,0.000671301,0.000671301,0.000671301
183,3481.06,1.0041,0.9959,0.16528,1.38385,1.58447,0.49495,0.41389,0.37295,0.16167,0.55394,0.46389,0.45562,0.27272,1.92017,1.54526,0.41099,2.45028,2.44663,0.0006658,0.0006658,0.0006658
184,3499.93,0.96704,0.99194,0.16395,1.33044,1.56699,0.42893,0.45278,0.37592,0.16089,0.4993,0.51124,0.44596,0.28213,2.02031,1.60113,0.38136,2.49563,2.59372,0.000660299,0.000660299,0.000660299
185,3518.81,0.94357,0.9619,0.16899,1.33857,1.56531,0.5137,0.41845,0.39546,0.16123,0.57852,0.46457,0.48014,0.27912,2.00841,1.71523,0.45098,2.41824,2.56185,0.000654798,0.000654798,0.000654798
186,3537.46,0.98106,0.95522,0.16848,1.33399,1.58317,0.47984,0.4422,0.37736,0.1629,0.54225,0.49722,0.43829,0.27632,1.96301,1.75197,0.48874,2.39226,2.53116,0.000649297,0.000649297,0.000649297
187,3556.26,1.00069,1.01749,0.16408,1.37475,1.60805,0.50853,0.40278,0.40086,0.16366,0.57341,0.49761,0.50167,0.29663,2.09669,1.71672,0.36971,2.3267,2.65522,0.000643795,0.000643795,0.000643795
188,3575.27,0.94152,0.95629,0.16639,1.31812,1.55001,0.44034,0.43333,0.40272,0.17378,0.50218,0.50967,0.48849,0.29834,2.05831,1.74308,0.36897,2.42481,2.60704,0.000638294,0.000638294,0.000638294
189,3594.19,0.96575,0.98265,0.16293,1.33742,1.56681,0.52522,0.34798,0.36485,0.15679,0.57951,0.39722,0.43663,0.26874,1.9926,1.68198,0.45188,2.41739,2.54424,0.000632793,0.000632793,0.000632793
190,3612.97,0.94158,0.96476,0.15672,1.28541,1.56327,0.42114,0.44207,0.37697,0.16635,0.54437,0.52089,0.46979,0.28803,2.00852,1.67228,0.51351,2.44373,2.59494,0.000627292,0.000627292,0.000627292
191,3631.76,0.96574,1.00087,0.15785,1.31545,1.55572,0.44488,0.42222,0.39103,0.17173,0.52252,0.49444,0.46899,0.2907,1.99937,1.65284,0.47614,2.45538,2.58467,0.000621791,0.000621791,0.000621791
192,3650.61,0.96844,0.98699,0.16885,1.31756,1.57071,0.45449,0.42545,0.35728,0.15024,0.5269,0.46667,0.44736,0.26826,2.02663,1.6469,0.37097,2.31826,2.58432,0.00061629,0.00061629,0.00061629
193,3669.21,0.95887,0.97291,0.16892,1.29492,1.55839,0.35321,0.39444,0.34314,0.15002,0.57617,0.43151,0.47934,0.2651,2.03861,1.70494,0.43307,2.45971,2.6103,0.000610789,0.000610789,0.000610789
194,3688.08,0.94471,0.94997,0.15991,1.31441,1.55884,0.39792,0.4,0.3589,0.15095,0.49925,0.49167,0.45392,0.27117,2.10147,1.65702,0.40967,2.55825,2.66734,0.000605288,0.000605288,0.000605288
195,3707.03,0.91645,0.94406,0.15686,1.25383,1.52934,0.43401,0.42778,0.38482,0.1732,0.51038,0.47507,0.46334,0.28924,2.09311,1.67132,0.45127,2.50165,2.68595,0.000599787,0.000599787,0.000599787
196,3726.04,0.94292,0.9636,0.17696,1.31523,1.55616,0.61001,0.40139,0.4011,0.17622,0.65285,0.45278,0.50579,0.31145,2.01809,1.6412,0.36551,2.35774,2.66158,0.000594286,0.000594286,0.000594286
197,3744.95,0.96042,1.0524,0.16502,1.27263,1.57175,0.61185,0.38611,0.40445,0.16733,0.65657,0.41667,0.46955,0.28334,2.03454,1.66555,0.45014,2.49962,2.65455,0.000588784,0.000588784,0.000588784
198,3763.85,0.92279,0.9329,0.1742,1.26326,1.53526,0.52118,0.38611,0.3843,0.16073,0.65673,0.44305,0.4862,0.28251,2.07113,1.68506,0.34431,2.43832,2.63832,0.000583283,0.000583283,0.000583283
199,3782.64,0.93437,0.94054,0.17348,1.29402,1.53435,0.46277,0.40556,0.35321,0.15681,0.57395,0.48611,0.47122,0.27046,2.03266,1.66788,0.44811,2.41908,2.62786,0.000577782,0.000577782,0.000577782
200,3801.74,0.93698,0.94106,0.15713,1.28612,1.53394,0.47693,0.43889,0.38511,0.17123,0.55687,0.51111,0.47817,0.28542,2.001,1.6603,0.48636,2.4375,2.59755,0.000572281,0.000572281,0.000572281
201,3820.7,0.93326,0.96805,0.15946,1.31535,1.53541,0.44777,0.48333,0.39352,0.16694,0.48907,0.51242,0.44882,0.27205,2.05359,1.74062,0.47668,2.50418,2.77347,0.00056678,0.00056678,0.00056678
202,3839.66,0.93157,0.96098,0.15661,1.29264,1.53936,0.44491,0.41944,0.36485,0.14641,0.49463,0.48889,0.44546,0.26383,2.05769,1.68324,0.46155,2.38801,2.70607,0.000561279,0.000561279,0.000561279
203,3858.68,0.91613,0.92525,0.15523,1.28683,1.52878,0.45432,0.44722,0.40371,0.16598,0.48289,0.50833,0.46845,0.28246,2.08859,1.66951,0.43981,2.42964,2.7154,0.000555778,0.000555778,0.000555778
204,3877.64,0.93748,0.93967,0.1611,1.28253,1.53237,0.44791,0.40556,0.3822,0.15881,0.56336,0.42084,0.46137,0.27714,2.08141,1.64052,0.34227,2.32162,2.73408,0.000550277,0.000550277,0.000550277
205,3896.24,0.92371,0.94453,0.16173,1.29398,1.53034,0.46183,0.46023,0.38405,0.18059,0.50216,0.50301,0.44294,0.28808,1.98708,1.61149,0.46086,2.43372,2.62941,0.000544776,0.000544776,0.000544776
206,3915.01,0.95857,1.00232,0.16229,1.30153,1.56027,0.45584,0.44722,0.39503,0.16783,0.59137,0.47555,0.49726,0.29846,2.06716,1.706,0.36857,2.40085,2.70421,0.000539275,0.000539275,0.000539275
207,3933.62,0.89307,0.94367,0.15453,1.24605,1.50483,0.55366,0.43056,0.41325,0.17869,0.6407,0.49508,0.50496,0.31107,2.06197,1.71583,0.41396,2.33933,2.71471,0.000533773,0.000533773,0.000533773
208,3952.55,0.90272,0.92896,0.15885,1.25842,1.50058,0.48119,0.41944,0.39225,0.15458,0.55614,0.48258,0.45353,0.27736,1.97398,1.68958,0.43231,2.50337,2.60457,0.000528272,0.000528272,0.000528272
209,3971.38,0.90612,0.91675,0.15485,1.2342,1.50652,0.59079,0.35833,0.39501,0.16494,0.63928,0.39247,0.44994,0.28662,2.08137,1.69062,0.41552,2.42232,2.69761,0.000522771,0.000522771,0.000522771
210,3990.14,0.91401,0.88735,0.16372,1.22303,1.52122,0.50919,0.36475,0.3737,0.15929,0.61134,0.43762,0.48279,0.28444,2.01549,1.61922,0.41236,2.41895,2.6729,0.00051727,0.00051727,0.00051727
211,4009.06,0.90818,0.92548,0.14736,1.2628,1.5252,0.458,0.40331,0.38021,0.1589,0.57991,0.51181,0.47316,0.28356,2.01298,1.68819,0.50042,2.43581,2.76567,0.000511769,0.000511769,0.000511769
212,4028.03,0.91419,0.89075,0.15311,1.19839,1.51319,0.48627,0.42262,0.41415,0.15957,0.58348,0.5029,0.49778,0.28879,2.09474,1.67178,0.36611,2.4494,2.78415,0.000506268,0.000506268,0.000506268
213,4046.88,0.89947,0.95997,0.15717,1.26586,1.51296,0.47742,0.41389,0.3988,0.17,0.53524,0.46667,0.46557,0.2903,2.11655,1.83044,0.44201,2.34229,2.83583,0.000500767,0.000500767,0.000500767
214,4065.62,0.89666,0.93074,0.15165,1.22021,1.51221,0.47791,0.38056,0.35368,0.15267,0.55733,0.44444,0.45625,0.27146,2.10312,1.79559,0.43268,2.33103,2.77902,0.000495266,0.000495266,0.000495266
215,4084.53,0.90655,0.95779,0.1565,1.22108,1.50864,0.49412,0.40556,0.36623,0.15427,0.53386,0.49722,0.43596,0.26376,2.05926,1.66769,0.3792,2.43125,2.78013,0.000489765,0.000489765,0.000489765
216,4103.46,0.8757,0.87879,0.14692,1.20529,1.4806,0.5224,0.3899,0.37897,0.15027,0.62202,0.48194,0.4906,0.27706,1.98243,1.64222,0.39723,2.46279,2.72478,0.000484263,0.000484263,0.000484263
217,4122.35,0.93061,0.96667,0.15934,1.24271,1.51323,0.49635,0.37222,0.38869,0.15311,0.60469,0.44722,0.48703,0.28302,2.05576,1.71127,0.40055,2.23709,2.7609,0.000478762,0.000478762,0.000478762
218,4141.3,0.88971,0.87969,0.15726,1.20351,1.50854,0.60683,0.425,0.40614,0.17159,0.68385,0.47778,0.50534,0.28941,1.98167,1.7125,0.45636,2.39063,2.71556,0.000473261,0.000473261,0.000473261
219,4159.96,0.88141,0.89455,0.1507,1.19516,1.50556,0.56693,0.4,0.39176,0.18308,0.54439,0.51111,0.4851,0.29529,1.95761,1.73424,0.4313,2.46791,2.6939,0.00046776,0.00046776,0.00046776
220,4178.91,0.88215,0.89087,0.15394,1.19605,1.48897,0.5547,0.39517,0.41742,0.18995,0.68103,0.4718,0.50329,0.3063,1.99924,1.73813,0.44665,2.51478,2.72255,0.000462259,0.000462259,0.000462259
221,4197.6,0.8666,0.88929,0.15493,1.19986,1.47263,0.45616,0.41941,0.37443,0.16352,0.49494,0.48056,0.45173,0.28312,2.11607,1.72707,0.39895,2.35504,2.82181,0.000456758,0.000456758,0.000456758
222,4216.58,0.90246,0.92048,0.15613,1.18364,1.50854,0.52279,0.41944,0.36702,0.15096,0.55506,0.45877,0.43962,0.26719,2.11237,1.69723,0.41248,2.44452,2.78162,0.000451257,0.000451257,0.000451257
223,4235.45,0.86285,0.89995,0.14583,1.17833,1.4688,0.51302,0.40527,0.36781,0.15186,0.56376,0.47778,0.46083,0.28374,2.07643,1.70172,0.39592,2.43931,2.76779,0.000445756,0.000445756,0.000445756
224,4255.32,0.88058,0.87705,0.15579,1.18859,1.50023,0.52836,0.42636,0.40054,0.16212,0.57328,0.55044,0.50273,0.28525,2.17777,1.79604,0.38538,2.39602,2.84777,0.000440255,0.000440255,0.000440255
225,4274.3,0.85594,0.91768,0.1549,1.15747,1.47569,0.54838,0.4,0.39652,0.17739,0.62969,0.47063,0.50758,0.30591,2.06826,1.69103,0.40583,2.33444,2.72885,0.000434754,0.000434754,0.000434754
226,4293.36,0.86312,0.88088,0.15309,1.16376,1.47033,0.50206,0.39167,0.37687,0.16065,0.63876,0.46111,0.4999,0.28639,2.09134,1.68826,0.41051,2.38228,2.80015,0.000429253,0.000429253,0.000429253
227,4312.25,0.87017,0.87379,0.14676,1.16422,1.47215,0.4917,0.40833,0.39218,0.15153,0.56224,0.46969,0.48179,0.28504,2.15007,1.76639,0.42854,2.40605,2.88894,0.000423751,0.000423751,0.000423751
228,4331.17,0.85276,0.86505,0.1487,1.16061,1.46326,0.49307,0.40131,0.38219,0.15875,0.61362,0.4902,0.50449,0.28259,2.22622,1.84944,0.40947,2.32523,2.98691,0.00041825,0.00041825,0.00041825
229,4349.85,0.89331,0.92077,0.15068,1.22441,1.50247,0.54098,0.44368,0.38128,0.15363,0.57471,0.47964,0.45272,0.27299,2.14628,1.77155,0.3702,2.43122,2.94852,0.000412749,0.000412749,0.000412749
230,4368.83,0.86778,0.90426,0.1573,1.20706,1.47907,0.44653,0.45,0.39543,0.16239,0.58102,0.53333,0.50079,0.28602,2.09951,1.70996,0.34327,2.41875,2.90765,0.000407248,0.000407248,0.000407248
231,4387.7,0.847,0.83067,0.1415,1.11822,1.44559,0.47713,0.425,0.37936,0.17312,0.57786,0.5,0.51103,0.28865,2.08821,1.71279,0.38438,2.40902,2.85585,0.000401747,0.000401747,0.000401747
